﻿{"cameraMode":{"drawMode":0,"name":"Shaded","section":"Shading Mode"},"sceneLighting":false,"audioPlay":false,"sceneViewState":{"showFog":true,"showMaterialUpdate":false,"showSkybox":false,"showFlares":true,"showImageEffects":true,"showParticleSystems":true},"in2DMode":false,"pivot":{"x":-7.380629539489746,"y":10.242744445800782,"z":1.467416763305664},"rotation":{"x":-0.1711038053035736,"y":-0.07823770493268967,"z":-0.013631497509777546,"w":0.982047975063324},"size":5.962380886077881,"orthographic":false}